,zona,area,quartos,aluguel
0,norte,50.0,2.0,1150
1,norte,76.0,3.0,1480
2,norte,30.0,1.0,800
3,norte,80.0,3.0,1180
4,norte,70.0,2.0,1300
5,norte,45.0,1.0,990
6,norte,65.0,2.0,980
7,norte,55.0,2.0,1350
8,norte,49.0,2.0,1430
9,norte,70.0,1.0,1260
10,norte,74.0,3.0,1450
11,norte,50.0,2.0,1200
12,norte,60.0,2.0,1600
13,norte,54.0,2.0,1900
14,norte,92.0,3.0,1750
15,norte,74.0,3.0,1700
16,norte,80.0,2.0,2600
17,norte,57.0,2.0,1500
18,norte,89.0,2.0,1600
19,norte,52.0,2.0,1600
20,norte,110.0,3.0,3300
21,norte,56.0,2.0,1200
22,norte,53.0,2.0,1300
23,norte,53.0,2.0,1200
24,norte,60.0,3.0,1800
25,norte,59.0,3.0,1670
26,norte,78.0,2.0,1610
27,norte,80.0,2.0,1872
28,norte,330.0,4.0,11000
29,norte,40.0,2.0,1200
30,norte,50.0,2.0,1800
31,norte,300.0,3.0,3366
32,norte,194.0,3.0,6000
33,norte,108.0,3.0,2500
34,norte,40.0,1.0,1186
35,norte,41.0,1.0,1000
36,norte,122.0,2.0,3750
37,norte,585.0,3.0,3460
38,norte,70.0,2.0,2020
39,norte,59.0,3.0,2140
40,norte,380.0,3.0,4500
41,norte,590.0,5.0,15000
42,norte,326.0,4.0,4386
43,norte,52.0,2.0,930
44,norte,72.0,3.0,2600
45,norte,230.0,3.0,4500
46,norte,106.0,3.0,3800
47,norte,85.0,3.0,1664
48,norte,60.0,1.0,892
49,norte,60.0,2.0,1520
50,norte,68.0,2.0,1500
51,norte,60.0,2.0,840
52,norte,115.0,2.0,2080
53,norte,48.0,2.0,1600
54,norte,70.0,2.0,3500
55,norte,40.0,1.0,880
56,norte,63.0,1.0,3060
57,norte,155.0,2.0,3060
58,norte,50.0,2.0,1260
59,norte,50.0,2.0,1417
60,norte,40.0,1.0,1500
61,norte,42.0,1.0,1400
62,norte,110.0,2.0,1600
63,norte,39.0,1.0,1900
64,norte,82.0,3.0,3570
65,norte,80.0,2.0,1976
66,norte,110.0,4.0,2200
67,norte,45.0,2.0,1500
68,norte,130.0,3.0,3800
69,norte,47.0,2.0,1872
70,norte,350.0,5.0,4300
71,norte,79.0,2.0,3000
72,norte,80.0,2.0,1200
73,norte,60.0,3.0,2200
74,norte,275.0,3.0,3270
75,norte,64.0,3.0,2270
76,norte,38.0,1.0,2810
77,norte,60.0,3.0,2620
78,norte,160.0,3.0,5000
79,norte,50.0,1.0,900
80,norte,140.0,3.0,2700
81,norte,40.0,1.0,2300
82,norte,125.0,3.0,2800
83,norte,160.0,,5500
84,norte,50.0,1.0,1000
85,norte,45.0,1.0,1500
86,norte,50.0,1.0,787
87,norte,65.0,2.0,1588
88,norte,72.0,2.0,1600
89,norte,43.0,2.0,1300
90,norte,38.0,2.0,1320
91,norte,40.0,1.0,850
92,norte,60.0,1.0,680
93,norte,50.0,,5500
94,norte,120.0,,5000
95,norte,32.0,1.0,1260
96,norte,70.0,1.0,600
97,norte,90.0,1.0,900
98,norte,80.0,2.0,1299
99,norte,50.0,1.0,1000
100,norte,50.0,1.0,800
101,norte,92.0,2.0,1600
102,norte,56.0,2.0,1300
103,norte,50.0,2.0,700
104,norte,70.0,2.0,1200
105,norte,50.0,2.0,920
106,norte,45.0,2.0,1000
107,norte,28.0,,750
108,norte,35.0,1.0,900
109,norte,10.0,1.0,800
110,norte,107.0,4.0,2500
111,norte,65.0,2.0,1700
112,norte,47.0,2.0,1000
113,norte,7800.0,,115000
114,norte,107.0,3.0,2500
115,norte,132.0,,2300
116,norte,65.0,2.0,1400
117,norte,45.0,2.0,1800
118,norte,47.0,2.0,1000
119,norte,130.0,,2500
120,norte,950.0,,21000
121,norte,15.0,1.0,750
122,norte,67.0,2.0,1600
123,norte,55.0,2.0,1450
124,norte,62.0,3.0,2200
125,norte,160.0,4.0,5400
126,norte,70.0,2.0,1800
127,norte,50.0,2.0,1400
128,norte,48.0,2.0,1200
129,norte,46.0,2.0,1400
130,norte,30.0,,2000
131,norte,35.0,1.0,900
132,norte,120.0,2.0,1200
133,norte,110.0,2.0,2200
134,norte,58.0,2.0,1550
135,norte,60.0,2.0,1120
136,norte,80.0,3.0,1910
137,norte,80.0,3.0,1300
138,norte,62.0,2.0,1600
139,norte,45.0,2.0,1000
140,norte,30.0,1.0,1150
141,norte,90.0,3.0,1560
142,norte,60.0,1.0,1400
143,norte,90.0,,2500
144,norte,100.0,3.0,2150
145,norte,321.0,3.0,7800
146,norte,130.0,3.0,4750
147,norte,450.0,2.0,8000
148,norte,65.0,2.0,1470
149,norte,64.0,3.0,1600
150,norte,600.0,,10000
151,norte,70.0,3.0,1799
152,norte,70.0,1.0,1365
153,norte,224.0,3.0,5400
154,norte,35.0,1.0,1200
155,norte,75.0,2.0,4200
156,norte,50.0,2.0,1900
157,norte,50.0,1.0,1250
158,norte,66.0,2.0,2500
159,norte,380.0,4.0,12880
160,norte,100.0,3.0,2150
161,norte,100.0,2.0,1800
162,norte,80.0,2.0,2660
163,norte,90.0,3.0,1900
164,norte,120.0,2.0,2800
165,norte,30.0,1.0,850
166,norte,55.0,2.0,1375
167,norte,82.0,2.0,4000
168,norte,60.0,2.0,1630
169,norte,120.0,4.0,2180
170,norte,162.0,4.0,4460
171,norte,80.0,4.0,2400
172,norte,62.0,2.0,3000
173,norte,53.0,2.0,1670
174,norte,67.0,2.0,1280
175,norte,90.0,3.0,2500
176,norte,120.0,2.0,1680
177,norte,82.0,3.0,1840
178,norte,60.0,2.0,2400
179,norte,90.0,3.0,1520
180,norte,577.0,5.0,15000
181,norte,229.0,4.0,7500
182,norte,300.0,3.0,3500
183,norte,40.0,1.0,950
184,norte,90.0,2.0,1365
185,norte,100.0,2.0,2616
186,norte,50.0,2.0,1560
187,norte,60.0,1.0,1200
188,norte,85.0,2.0,2070
189,norte,48.0,2.0,2050
190,norte,90.0,2.0,1900
191,norte,250.0,3.0,2500
192,norte,110.0,3.0,2300
193,norte,49.0,2.0,2050
194,norte,110.0,2.0,2200
195,norte,78.0,2.0,3400
196,norte,55.0,2.0,1850
197,norte,47.0,1.0,1700
198,norte,42.0,2.0,1320
199,norte,57.0,1.0,1490
200,norte,23.0,1.0,1600
201,norte,70.0,2.0,1650
202,norte,34.0,1.0,1120
203,norte,63.0,1.0,3800
204,norte,150.0,3.0,2560
205,norte,80.0,3.0,1800
206,norte,68.0,2.0,2500
207,norte,240.0,3.0,8200
208,norte,119.0,3.0,5130
209,norte,78.0,3.0,2480
210,norte,48.0,2.0,1580
211,norte,90.0,1.0,1434
212,norte,67.0,3.0,3510
213,norte,90.0,3.0,2100
214,norte,58.0,2.0,1200
215,norte,400.0,3.0,11340
216,norte,45.0,2.0,1600
217,norte,64.0,3.0,2190
218,norte,29.0,1.0,1490
219,norte,31.0,1.0,1650
220,norte,250.0,3.0,4000
221,norte,54.0,2.0,1460
222,norte,59.0,1.0,1250
223,norte,90.0,3.0,2220
224,norte,284.0,4.0,6780
225,norte,50.0,2.0,1560
226,norte,275.0,5.0,3200
227,norte,100.0,3.0,1800
228,norte,67.0,2.0,1700
229,norte,125.0,2.0,2500
230,norte,92.0,2.0,1785
231,norte,52.0,2.0,1790
232,norte,63.0,3.0,2200
233,norte,59.0,2.0,2300
234,norte,300.0,3.0,6000
235,norte,55.0,2.0,1910
236,norte,50.0,2.0,2000
237,norte,45.0,2.0,1710
238,norte,75.0,2.0,2270
239,norte,90.0,2.0,2300
240,norte,51.0,2.0,1850
241,norte,35.0,1.0,1300
242,norte,90.0,2.0,2300
243,norte,80.0,2.0,1900
244,norte,78.0,2.0,2000
245,norte,56.0,2.0,2360
246,norte,49.0,2.0,2200
247,norte,240.0,4.0,5500
248,norte,40.0,1.0,2500
249,norte,58.0,2.0,1330
250,norte,75.0,3.0,2210
251,norte,80.0,3.0,2300
252,norte,400.0,5.0,8680
253,norte,250.0,3.0,6000
254,norte,350.0,4.0,13000
255,norte,80.0,2.0,1890
256,norte,300.0,2.0,5000
257,norte,50.0,2.0,1800
258,norte,150.0,4.0,3300
259,norte,300.0,3.0,3000
260,norte,70.0,3.0,2300
261,norte,1600.0,,25000
262,norte,50.0,2.0,1500
263,norte,50.0,2.0,2190
264,norte,102.0,3.0,2060
265,norte,55.0,2.0,1600
266,norte,51.0,2.0,1180
267,norte,180.0,2.0,3200
268,norte,50.0,2.0,3360
269,norte,52.0,2.0,2800
270,norte,157.0,3.0,3360
271,norte,180.0,3.0,3000
272,norte,195.0,4.0,5810
273,norte,15.0,1.0,750
274,norte,36.0,2.0,2350
275,norte,43.0,2.0,1600
276,norte,15.0,1.0,750
277,norte,100.0,2.0,1664
278,norte,100.0,1.0,1400
279,norte,300.0,4.0,4000
280,norte,55.0,2.0,2100
281,norte,300.0,4.0,5000
282,norte,60.0,1.0,3000
283,norte,115.0,3.0,2960
284,norte,92.0,2.0,2350
285,norte,96.0,3.0,2100
286,norte,141.0,3.0,4000
287,norte,146.0,3.0,4500
288,norte,47.0,2.0,1550
289,norte,72.0,2.0,1470
290,norte,67.0,2.0,2000
291,norte,52.0,2.0,1340
292,norte,45.0,2.0,1700
293,norte,64.0,2.0,2850
294,norte,55.0,2.0,1200
295,norte,500.0,4.0,4600
296,norte,40.0,1.0,2500
297,norte,125.0,3.0,3330
298,norte,32.0,1.0,1500
299,norte,40.0,1.0,2600
300,norte,40.0,1.0,2500
301,norte,78.0,2.0,1910
302,norte,74.0,2.0,2610
303,norte,37.0,1.0,1750
304,norte,54.0,2.0,1700
305,norte,54.0,2.0,1800
306,norte,45.0,1.0,1750
307,norte,179.0,3.0,5330
308,norte,65.0,2.0,1500
309,norte,59.0,2.0,1380
310,norte,40.0,1.0,1500
311,norte,51.0,2.0,1980
312,norte,55.0,2.0,3500
313,norte,58.0,2.0,2560
314,norte,78.0,2.0,2713
315,norte,160.0,2.0,3500
316,norte,46.0,1.0,1310
317,norte,684.0,,20000
318,norte,46.0,1.0,1310
319,norte,46.0,1.0,1310
320,norte,46.0,1.0,1310
321,norte,46.0,1.0,1310
322,norte,90.0,2.0,1460
323,norte,65.0,2.0,1600
324,norte,80.0,2.0,1650
325,norte,60.0,2.0,1250
326,norte,46.0,1.0,1310
327,norte,48.0,1.0,1310
328,norte,40.0,1.0,2020
329,norte,47.0,2.0,1470
330,norte,70.0,1.0,1030
331,norte,150.0,,3685
332,norte,95.0,3.0,2184
333,norte,50.0,1.0,1200
334,norte,60.0,1.0,3800
335,norte,60.0,2.0,1500
336,sul,73.0,2.0,870000
337,sul,68.0,3.0,1350
338,sul,110.0,3.0,3400
339,sul,65.0,2.0,1050
340,sul,80.0,3.0,1500
341,sul,80.0,2.0,1800
342,sul,68.0,2.0,3200
343,sul,250.0,3.0,5500
344,sul,61.0,1.0,5500
345,sul,260.0,4.0,5500
346,sul,95.0,2.0,5500
347,sul,55.0,2.0,1600
348,sul,45.0,1.0,620
349,sul,45.0,1.0,1260
350,sul,90.0,,6200
351,sul,40.0,1.0,780
352,sul,45.0,1.0,1720
353,sul,33.0,1.0,1820
354,sul,77.0,,5500
355,sul,62.0,2.0,1341
356,sul,55.0,1.0,1400
357,sul,110.0,3.0,2500
358,sul,74.0,3.0,1400
359,sul,78.0,3.0,2080
360,sul,50.0,1.0,2500
361,sul,186.0,3.0,1510
362,sul,45.0,1.0,5500
363,sul,40.0,1.0,900
364,sul,59.0,2.0,1120
365,sul,60.0,2.0,1100
366,sul,40.0,1.0,1502
367,sul,34.0,1.0,1900
368,sul,80.0,3.0,1500
369,sul,16.0,1.0,3500
370,sul,96.0,3.0,5500
371,sul,100.0,3.0,4100
372,sul,64.0,2.0,4200
373,sul,86.0,3.0,2697
374,sul,43.0,1.0,3500
375,sul,90.0,2.0,3300
376,sul,128.0,3.0,8000
377,sul,70.0,2.0,2080
378,sul,50.0,2.0,1650
379,sul,80.0,2.0,2198
380,sul,45.0,2.0,1200
381,sul,38.0,1.0,1200
382,sul,63.0,2.0,1800
383,sul,67.0,3.0,2200
384,sul,39.0,1.0,2000
385,sul,52.0,2.0,2500
386,sul,69.0,3.0,2150
387,sul,68.0,2.0,2500
388,sul,185.0,3.0,15000
389,sul,30.0,1.0,2520
390,sul,72.0,2.0,2020
391,sul,57.0,2.0,3162
392,sul,26.0,1.0,1750
393,sul,90.0,2.0,2300
394,sul,65.0,2.0,1000
395,sul,37.0,1.0,1600
396,sul,37.0,1.0,1600
397,sul,320.0,2.0,6500
398,sul,64.0,3.0,2200
399,sul,300.0,5.0,10000
400,sul,55.0,1.0,1300
401,sul,150.0,4.0,4000
402,sul,30.0,1.0,2319
403,sul,124.0,2.0,3500
404,sul,75.0,2.0,2400
405,sul,83.0,2.0,3570
406,sul,25.0,1.0,1250
407,sul,114.0,3.0,4500
408,sul,115.0,2.0,2856
409,sul,69.0,2.0,2350
410,sul,94.0,2.0,2373
411,sul,49.0,2.0,1300
412,sul,90.0,2.0,3500
413,sul,70.0,2.0,1500
414,sul,109.0,2.0,1600
415,sul,138.0,3.0,10000
416,sul,81.0,2.0,5000
417,sul,196.0,3.0,4080
418,sul,65.0,2.0,2900
419,sul,52.0,2.0,2020
420,sul,50.0,1.0,2520
421,sul,52.0,2.0,1600
422,sul,40.0,1.0,2520
423,sul,380.0,3.0,15000
424,sul,183.0,3.0,6000
425,sul,80.0,3.0,2200
426,sul,170.0,2.0,2970
427,sul,137.0,3.0,4500
428,sul,45.0,1.0,1500
429,sul,57.0,2.0,2600
430,sul,40.0,1.0,3270
431,sul,45.0,1.0,1055
432,sul,69.0,2.0,2500
433,sul,69.0,1.0,4000
434,sul,380.0,4.0,13500
435,sul,50.0,1.0,2020
436,sul,185.0,2.0,5500
437,sul,72.0,2.0,5500
438,sul,301.0,4.0,6500
439,sul,90.0,3.0,1320
440,sul,222.0,3.0,13000
441,sul,95.0,3.0,2856
442,sul,60.0,2.0,3900
443,sul,44.0,1.0,3000
444,sul,224.0,3.0,14530
445,sul,245.0,4.0,5330
446,sul,55.0,2.0,2400
447,sul,50.0,2.0,2000
448,sul,38.0,1.0,1996
449,sul,137.0,2.0,2080
450,sul,44.0,1.0,2000
451,sul,51.0,2.0,1320
452,sul,71.0,2.0,3264
453,sul,500.0,4.0,15000
454,sul,190.0,4.0,3763
455,sul,83.0,2.0,1260
456,sul,775.0,3.0,10000
457,sul,66.0,3.0,4080
458,sul,188.0,3.0,2505
459,sul,61.0,3.0,1050
460,sul,116.0,2.0,6000
461,sul,57.0,2.0,1260
462,sul,86.0,3.0,3000
463,sul,69.0,2.0,1850
464,sul,70.0,3.0,3957
465,sul,156.0,3.0,14000
466,sul,162.0,3.0,4966
467,sul,94.0,3.0,4400
468,sul,70.0,3.0,2000
469,sul,110.0,3.0,2600
470,sul,54.0,2.0,1600
471,sul,42.0,1.0,1800
472,sul,38.0,1.0,1400
473,sul,48.0,1.0,1155
474,sul,69.0,2.0,3800
475,sul,80.0,2.0,3200
476,sul,66.0,2.0,2000
477,sul,54.0,1.0,5000
478,sul,65.0,2.0,3570
479,sul,98.0,2.0,4200
480,sul,70.0,1.0,1155
481,sul,70.0,1.0,1100
482,sul,140.0,2.0,8000
483,sul,63.0,2.0,2600
484,sul,30.0,1.0,833
485,sul,60.0,2.0,3650
486,sul,52.0,1.0,4000
487,sul,44.0,1.0,5200
488,sul,50.0,2.0,1700
489,sul,90.0,2.0,5000
490,sul,60.0,2.0,1976
491,sul,55.0,1.0,990
492,sul,76.0,2.0,3876
493,sul,21.0,1.0,2704
494,sul,90.0,2.0,4360
495,sul,49.0,1.0,2000
496,sul,45.0,1.0,3600
497,sul,41.0,2.0,1470
498,sul,40.0,1.0,3600
499,sul,86.0,2.0,2080
500,sul,80.0,2.0,5500
501,sul,130.0,2.0,2900
502,sul,70.0,2.0,3000
503,sul,45.0,1.0,2250
504,sul,90.0,2.0,3000
505,sul,46.0,1.0,2400
506,sul,60.0,2.0,3980
507,sul,100.0,2.0,3000
508,sul,78.0,3.0,2000
509,sul,72.0,2.0,2080
510,sul,108.0,3.0,1800
511,sul,130.0,3.0,6500
512,sul,170.0,3.0,2700
513,sul,233.0,3.0,15000
514,sul,95.0,1.0,5200
515,sul,55.0,2.0,2392
516,sul,51.0,2.0,1872
517,sul,57.0,2.0,3000
518,sul,101.0,2.0,4000
519,sul,51.0,1.0,3060
520,sul,55.0,2.0,1750
521,sul,70.0,2.0,6000
522,sul,75.0,1.0,5500
523,sul,73.0,2.0,4000
524,sul,43.0,1.0,3200
525,sul,55.0,1.0,3900
526,sul,65.0,1.0,2392
527,sul,47.0,2.0,3700
528,sul,80.0,1.0,1400
529,sul,65.0,2.0,2700
530,sul,74.0,2.0,2500
531,sul,155.0,3.0,11000
532,sul,70.0,2.0,2500
533,sul,47.0,1.0,3060
534,sul,65.0,2.0,2288
535,sul,35.0,1.0,2700
536,sul,60.0,1.0,2800
537,sul,16.0,1.0,1497
538,sul,180.0,3.0,10000
539,sul,115.0,3.0,5550
540,sul,42.0,1.0,3400
541,sul,128.0,3.0,3360
542,sul,50.0,1.0,2460
543,sul,110.0,3.0,3400
544,sul,70.0,2.0,2800
545,sul,35.0,1.0,2850
546,sul,110.0,2.0,6000
547,sul,60.0,3.0,1700
548,sul,96.0,2.0,2400
549,sul,58.0,1.0,2400
550,sul,105.0,2.0,4500
551,sul,45.0,1.0,945
552,sul,39.0,1.0,2100
553,sul,108.0,3.0,3570
554,sul,50.0,1.0,3500
555,sul,62.0,2.0,3350
556,sul,90.0,2.0,4050
557,sul,33.0,1.0,3060
558,sul,140.0,3.0,3500
559,sul,130.0,3.0,4300
560,sul,94.0,3.0,3700
561,sul,67.0,2.0,2000
562,sul,68.0,2.0,3654
563,sul,89.0,3.0,3200
564,sul,120.0,2.0,2200
565,sul,70.0,2.0,3000
566,sul,260.0,4.0,6000
567,sul,90.0,2.0,6000
568,sul,50.0,1.0,2400
569,sul,59.0,1.0,4080
570,sul,59.0,2.0,1695
571,sul,180.0,4.0,4080
572,sul,250.0,3.0,7500
573,sul,43.0,1.0,3000
574,sul,76.0,3.0,3960
575,sul,140.0,2.0,1800
576,sul,54.0,2.0,3264
577,sul,95.0,2.0,2805
578,sul,35.0,1.0,1700
579,sul,100.0,3.0,3060
580,sul,130.0,2.0,11800
581,sul,65.0,1.0,3876
582,sul,129.0,2.0,8000
583,sul,200.0,4.0,3314
584,sul,102.0,3.0,4150
585,sul,74.0,1.0,4080
586,sul,90.0,3.0,4000
587,sul,150.0,3.0,3600
588,sul,45.0,1.0,2700
589,sul,179.0,3.0,3080
590,sul,36.0,1.0,2300
591,sul,80.0,2.0,2062
592,sul,65.0,1.0,2350
593,sul,65.0,2.0,3500
594,sul,65.0,2.0,1800
595,sul,186.0,3.0,6800
596,sul,80.0,3.0,3000
597,sul,45.0,1.0,3350
598,sul,70.0,2.0,1820
599,sul,92.0,3.0,3650
600,sul,140.0,3.0,4500
601,sul,80.0,3.0,2400
602,sul,150.0,3.0,9000
603,sul,63.0,2.0,1870
604,sul,78.0,3.0,2900
605,sul,62.0,3.0,2020
606,sul,64.0,3.0,2420
607,sul,50.0,1.0,1768
608,sul,200.0,3.0,7200
609,sul,60.0,2.0,3170
610,sul,72.0,2.0,1750
611,sul,105.0,1.0,8100
612,sul,36.0,1.0,2600
613,sul,145.0,3.0,3900
614,sul,67.0,3.0,3600
615,sul,261.0,5.0,14750
616,sul,110.0,3.0,3000
617,sul,140.0,3.0,4200
618,sul,47.0,2.0,1610
619,sul,36.0,1.0,2250
620,sul,104.0,3.0,4600
621,sul,150.0,2.0,6000
622,sul,120.0,2.0,9000
623,sul,103.0,3.0,11500
624,sul,80.0,3.0,2200
625,sul,55.0,1.0,3400
626,sul,172.0,3.0,4000
627,sul,57.0,1.0,3900
628,sul,64.0,2.0,4200
629,sul,35.0,1.0,3000
630,sul,67.0,3.0,1955
631,sul,94.0,3.0,4900
632,sul,130.0,2.0,10500
633,sul,290.0,5.0,13000
634,sul,170.0,4.0,3270
635,sul,140.0,2.0,2020
636,sul,30.0,1.0,2500
637,sul,108.0,3.0,3500
638,sul,37.0,2.0,2120
639,sul,350.0,3.0,7000
640,sul,110.0,3.0,4500
641,sul,150.0,2.0,4000
642,sul,80.0,2.0,3460
643,sul,468.0,4.0,15000
644,sul,69.0,2.0,2200
645,sul,100.0,3.0,4200
646,sul,50.0,1.0,2260
647,sul,47.0,2.0,1800
648,sul,65.0,3.0,1850
649,sul,69.0,3.0,2000
650,sul,105.0,3.0,4500
651,sul,240.0,3.0,14530
652,sul,60.0,2.0,4100
653,sul,115.0,3.0,3000
654,sul,50.0,3.0,1920
655,sul,81.0,2.0,1522
656,sul,78.0,2.0,3960
657,sul,100.0,2.0,4500
658,sul,68.0,2.0,2320
659,sul,52.0,2.0,2320
660,sul,38.0,1.0,2970
661,sul,65.0,2.0,2900
662,sul,110.0,3.0,2750
663,sul,225.0,3.0,6340
664,sul,180.0,4.0,3170
665,sul,65.0,2.0,3170
666,sul,70.0,2.0,5000
667,sul,240.0,3.0,10000
668,sul,71.0,2.0,7000
669,sul,60.0,2.0,4200
670,sul,28.0,1.0,1100
671,sul,100.0,3.0,2000
672,leste,100.0,3.0,1600
673,leste,35.0,1.0,700
674,leste,60.0,2.0,800
675,leste,70.0,2.0,1300
676,leste,27.0,1.0,700
677,leste,44.0,2.0,1300
678,leste,46.0,2.0,1350
679,leste,72.0,2.0,1730
680,leste,50.0,2.0,1400
681,leste,50.0,,1650
682,leste,100.0,3.0,2900
683,leste,78.0,3.0,2400
684,leste,315.0,,12000
685,leste,350.0,,9000
686,leste,50.0,2.0,1050
687,leste,127.0,3.0,3000
688,leste,85.0,3.0,2500
689,leste,55.0,2.0,1100
690,leste,65.0,3.0,1200
691,leste,750.0,,15000
692,leste,883.0,,8000
693,leste,68.0,3.0,1400
694,leste,,2.0,1800
695,leste,200.0,,20000
696,leste,33.0,1.0,1450
697,leste,50.0,2.0,2100
698,leste,30.0,,750
699,leste,39.0,2.0,1000
700,leste,40.0,1.0,750
701,leste,24.0,,900
702,leste,75.0,2.0,1700
703,leste,18.0,1.0,890
704,leste,40.0,1.0,850
705,leste,250.0,,5500
706,leste,308.0,,5500
707,leste,40.0,1.0,600
708,leste,100.0,,5500
709,leste,70.0,2.0,1350
710,leste,69.0,3.0,1310
711,leste,200.0,3.0,8000
712,leste,30.0,1.0,1720
713,leste,35.0,1.0,600
714,leste,35.0,1.0,820
715,leste,60.0,1.0,900
716,leste,55.0,2.0,1900
717,leste,41.0,2.0,1050
718,leste,20.0,1.0,1290
719,leste,68.0,3.0,1310
720,leste,63.0,2.0,1820
721,leste,85.0,2.0,1560
722,leste,80.0,2.0,980
723,leste,42.0,1.0,750
724,leste,124.0,3.0,7000
725,leste,48.0,2.0,1000
726,leste,53.0,2.0,1920
727,leste,35.0,1.0,1000
728,leste,100.0,2.0,1200
729,leste,73.0,3.0,2500
730,leste,65.0,3.0,2486
731,leste,125.0,3.0,3000
732,leste,70.0,3.0,2500
733,leste,49.0,1.0,1600
734,leste,50.0,2.0,1300
735,leste,22.0,1.0,870
736,leste,77.0,2.0,1872
737,leste,100.0,2.0,1600
738,leste,47.0,2.0,1500
739,leste,54.0,1.0,1100
740,leste,68.0,3.0,1470
741,leste,180.0,3.0,5000
742,leste,70.0,2.0,1220
743,leste,165.0,4.0,2950
744,leste,46.0,1.0,900
745,leste,90.0,2.0,1950
746,leste,46.0,1.0,770
747,leste,30.0,1.0,1100
748,leste,65.0,2.0,2500
749,leste,40.0,1.0,1300
750,leste,76.0,2.0,1400
751,leste,126.0,3.0,1872
752,leste,44.0,2.0,1500
753,leste,30.0,1.0,1170
754,leste,120.0,2.0,1500
755,leste,73.0,2.0,1800
756,leste,49.0,2.0,1100
757,leste,30.0,1.0,1800
758,leste,30.0,1.0,945
759,leste,32.0,1.0,1500
760,leste,84.0,3.0,2200
761,leste,72.0,2.0,1750
762,leste,50.0,2.0,1155
763,leste,52.0,2.0,1550
764,leste,160.0,3.0,2500
765,leste,48.0,2.0,1260
766,leste,119.0,2.0,1700
767,leste,54.0,2.0,1260
768,leste,48.0,2.0,1610
769,leste,228.0,4.0,6200
770,leste,200.0,3.0,2430
771,leste,146.0,3.0,6000
772,leste,270.0,4.0,4190
773,leste,40.0,3.0,2620
774,leste,150.0,3.0,2420
775,leste,212.0,3.0,6000
776,leste,62.0,2.0,5000
777,leste,400.0,3.0,2900
778,leste,53.0,2.0,1768
779,leste,37.0,1.0,850
780,leste,88.0,3.0,2900
781,leste,80.0,3.0,1300
782,leste,83.0,3.0,4850
783,leste,106.0,3.0,2600
784,leste,72.0,3.0,1976
785,leste,286.0,3.0,2500
786,leste,67.0,3.0,1500
787,leste,160.0,3.0,2600
788,leste,180.0,4.0,7999
789,leste,65.0,3.0,1700
790,leste,200.0,3.0,2080
791,leste,247.0,3.0,2410
792,leste,70.0,3.0,3500
793,leste,120.0,2.0,1872
794,leste,50.0,2.0,1100
795,leste,70.0,1.0,1000
796,leste,65.0,2.0,1417
797,leste,103.0,2.0,1560
798,leste,55.0,2.0,1560
799,leste,45.0,1.0,700
800,leste,60.0,1.0,4265
801,leste,65.0,1.0,1600
802,leste,60.0,2.0,1260
803,leste,70.0,1.0,1470
804,leste,220.0,2.0,2400
805,leste,54.0,2.0,2600
806,leste,107.0,2.0,3600
807,leste,80.0,2.0,3000
808,leste,50.0,2.0,1200
809,leste,52.0,2.0,1845
810,leste,117.0,3.0,2754
811,leste,35.0,1.0,1100
812,leste,64.0,2.0,2000
813,leste,35.0,1.0,1260
814,leste,56.0,2.0,1900
815,leste,66.0,2.0,3060
816,leste,37.0,1.0,1560
817,leste,54.0,2.0,1560
818,leste,54.0,2.0,1600
819,leste,35.0,2.0,1872
820,leste,70.0,2.0,3000
821,leste,50.0,2.0,2000
822,leste,100.0,2.0,3000
823,leste,224.0,3.0,15000
824,leste,65.0,2.0,3300
825,leste,55.0,2.0,3264
826,leste,50.0,2.0,3000
827,leste,62.0,3.0,2020
828,leste,200.0,3.0,4000
829,leste,180.0,4.0,2850
830,leste,57.0,2.0,2000
831,leste,50.0,2.0,2520
832,leste,62.0,2.0,2100
833,leste,49.0,2.0,2387
834,leste,35.0,1.0,1100
835,leste,120.0,3.0,2700
836,leste,180.0,3.0,5000
837,leste,100.0,1.0,1520
838,leste,73.0,2.0,1500
839,leste,90.0,3.0,2520
840,leste,76.0,2.0,2430
841,leste,52.0,2.0,2288
842,leste,107.0,3.0,3960
843,leste,70.0,3.0,3700
844,leste,315.0,3.0,3500
845,leste,250.0,4.0,2600
846,leste,57.0,2.0,2520
847,leste,44.0,2.0,1340
848,leste,100.0,1.0,1100
849,leste,100.0,2.0,1260
850,leste,33.0,1.0,1800
851,leste,35.0,1.0,1600
852,leste,49.0,2.0,1100
853,leste,40.0,1.0,1600
854,leste,381.0,4.0,5500
855,leste,33.0,1.0,2150
856,leste,50.0,2.0,1610
857,leste,100.0,2.0,2600
858,leste,68.0,2.0,2350
859,leste,48.0,2.0,1350
860,leste,30.0,1.0,1250
861,leste,32.0,1.0,1500
862,leste,25.0,1.0,969
863,leste,50.0,1.0,800
864,leste,45.0,,1050
865,leste,264.0,,5500
866,leste,196.0,,6000
867,leste,240.0,,5500
868,leste,40.0,1.0,560
869,leste,50.0,1.0,660
870,leste,77.0,3.0,2750
871,leste,325.0,,5500
872,leste,64.0,,5500
873,leste,,1.0,750
874,leste,6.0,1.0,299
875,leste,47.0,2.0,1208
876,leste,65.0,2.0,1000
877,leste,49.0,2.0,835
878,leste,39.0,2.0,1000
879,leste,110.0,2.0,2000
880,leste,45.0,1.0,1000
881,leste,6.0,1.0,299
882,leste,40.0,2.0,1000
883,leste,155.0,2.0,1580
884,leste,77.0,2.0,3500
885,leste,1300.0,,18000
886,leste,30.0,,1500
887,leste,32.0,,700
888,leste,75.0,3.0,2200
889,leste,125.0,3.0,1800
890,leste,45.0,2.0,1350
891,leste,92.0,3.0,2700
892,leste,1200.0,,13000
893,leste,115.0,3.0,2300
894,leste,300.0,3.0,4000
895,leste,157.0,3.0,2500
896,leste,70.0,2.0,1900
897,leste,70.0,3.0,1500
898,leste,79.0,1.0,2800
899,leste,280.0,,8500
900,leste,50.0,,1600
901,leste,70.0,2.0,1900
902,leste,60.0,2.0,1069
903,leste,107.0,3.0,1350
904,leste,2600.0,,55000
905,leste,400.0,,30000
906,leste,35.0,1.0,2440
907,leste,1320.0,,15000
908,leste,100.0,,3500
909,leste,28.0,1.0,1200
910,leste,40.0,,2750
911,leste,900.0,,12000
912,leste,57.0,2.0,2000
913,leste,58.0,2.0,1400
914,leste,210.0,3.0,4950
915,leste,60.0,2.0,1700
916,leste,60.0,2.0,1900
917,leste,180.0,3.0,4000
918,leste,40.0,1.0,600
919,leste,45.0,2.0,1100
920,leste,47.0,2.0,2000
921,leste,400.0,,10000
922,leste,38.0,,1200
923,leste,60.0,2.0,1300
924,leste,58.0,2.0,1000
925,leste,40.0,,2750
926,leste,55.0,2.0,1750
927,leste,25.0,,1450
928,leste,30.0,1.0,1220
929,leste,30.0,1.0,1000
930,leste,30.0,,1800
931,leste,50.0,2.0,780
932,leste,70.0,2.0,1360
933,leste,40.0,1.0,990
934,leste,30.0,1.0,600
935,leste,55.0,2.0,1100
936,leste,291.0,,13000
937,leste,55.0,,3000
938,leste,528.0,,13000
939,leste,70.0,,1600
940,leste,1500.0,,16800
941,leste,250.0,5.0,5400
942,leste,250.0,,2000
943,leste,65.0,1.0,1570
944,leste,45.0,1.0,1700
945,leste,190.0,3.0,5800
946,leste,100.0,,2800
947,leste,110.0,2.0,1700
948,leste,,2.0,1100
949,leste,60.0,2.0,1210
950,leste,148.0,3.0,3200
951,leste,240.0,4.0,5000
952,leste,28.0,1.0,650
953,leste,65.0,2.0,1550
954,leste,50.0,2.0,1100
955,leste,67.0,3.0,1400
956,leste,81.0,3.0,2840
957,leste,37.0,1.0,800
958,leste,30.0,1.0,900
959,leste,25.0,1.0,650
960,leste,76.0,2.0,1100
961,leste,26.0,1.0,890
962,leste,300.0,3.0,11000
963,leste,49.0,2.0,1260
964,leste,1360.0,,15000
965,leste,47.0,2.0,1100
966,leste,100.0,2.0,1320
967,leste,65.0,2.0,2560
968,leste,480.0,4.0,10950
969,leste,48.0,2.0,1400
970,leste,60.0,2.0,1200
971,leste,60.0,2.0,1520
972,leste,41.0,1.0,1590
973,leste,65.0,2.0,1400
974,leste,120.0,3.0,3311
975,leste,61.0,2.0,1000
976,leste,60.0,1.0,1100
977,leste,80.0,1.0,9380
978,leste,55.0,2.0,2000
979,leste,41.0,2.0,1000
980,leste,70.0,2.0,1300
981,leste,70.0,2.0,1200
982,leste,75.0,2.0,1600
983,leste,76.0,2.0,1400
984,leste,50.0,2.0,1700
985,leste,60.0,2.0,1150
986,leste,110.0,3.0,2200
987,leste,57.0,1.0,1990
988,leste,45.0,2.0,1180
989,leste,42.0,2.0,1350
990,leste,78.0,3.0,2400
991,leste,186.0,4.0,5000
992,leste,53.0,2.0,1149
993,leste,200.0,2.0,920
994,leste,40.0,1.0,1650
995,leste,90.0,3.0,2000
996,leste,36.0,1.0,1700
997,leste,74.0,2.0,2000
998,leste,53.0,2.0,1140
999,leste,86.0,3.0,2600
1000,leste,32.0,1.0,920
1001,leste,98.0,3.0,1820
1002,leste,120.0,3.0,2050
1003,leste,70.0,1.0,1440
1004,leste,55.0,2.0,1700
1005,leste,100.0,2.0,1600
1006,leste,83.0,2.0,3900
1007,leste,110.0,3.0,2010
1008,oeste,28.0,,700
1009,oeste,1470.0,,51450
1010,oeste,47.0,1.0,1307
1011,oeste,33.0,1.0,1430
1012,oeste,79.0,3.0,1600
1013,oeste,117.0,1.0,6300
1014,oeste,31.0,1.0,1150
1015,oeste,40.0,1.0,2100
1016,oeste,60.0,2.0,1430
1017,oeste,25.0,1.0,1100
1018,oeste,62.0,2.0,2000
1019,oeste,96.0,1.0,3100
1020,oeste,70.0,2.0,1300
1021,oeste,70.0,2.0,1900
1022,oeste,87.0,3.0,1600
1023,oeste,72.0,3.0,1800
1024,oeste,100.0,3.0,4300
1025,oeste,45.0,1.0,2500
1026,oeste,68.0,2.0,1940
1027,oeste,30.0,1.0,1600
1028,oeste,47.0,1.0,2320
1029,oeste,75.0,2.0,3300
1030,oeste,55.0,2.0,1900
1031,oeste,136.0,3.0,1800
1032,oeste,54.0,1.0,1130
1033,oeste,67.0,3.0,1465
1034,oeste,42.0,1.0,2000
1035,oeste,53.0,2.0,1736
1036,oeste,73.0,2.0,2100
1037,oeste,119.0,3.0,2500
1038,oeste,50.0,2.0,2392
1039,oeste,74.0,3.0,2320
1040,oeste,64.0,2.0,2050
1041,oeste,180.0,2.0,9500
1042,oeste,60.0,2.0,2500
1043,oeste,60.0,2.0,4900
1044,oeste,90.0,2.0,4700
1045,oeste,40.0,1.0,1320
1046,oeste,76.0,2.0,3280
1047,oeste,261.0,3.0,3100
1048,oeste,54.0,1.0,1560
1049,oeste,200.0,3.0,5500
1050,oeste,230.0,4.0,3600
1051,oeste,62.0,2.0,2250
1052,oeste,125.0,3.0,2520
1053,oeste,35.0,1.0,2800
1054,oeste,110.0,3.0,2737
1055,oeste,34.0,1.0,3400
1056,oeste,70.0,2.0,3060
1057,oeste,62.0,2.0,3500
1058,oeste,400.0,3.0,9000
1059,oeste,34.0,1.0,4000
1060,oeste,60.0,2.0,2600
1061,oeste,34.0,1.0,3457
1062,oeste,70.0,2.0,1900
1063,oeste,44.0,1.0,3700
1064,oeste,37.0,1.0,3700
1065,oeste,47.0,1.0,820
1066,oeste,226.0,4.0,12000
1067,oeste,94.0,3.0,2958
1068,oeste,56.0,1.0,3121
1069,oeste,37.0,1.0,1200
1070,oeste,160.0,3.0,5800
1071,oeste,200.0,3.0,6510
1072,oeste,247.0,4.0,12000
1073,oeste,67.0,3.0,2200
1074,oeste,92.0,3.0,4400
1075,oeste,78.0,2.0,6300
1076,oeste,100.0,3.0,4080
1077,oeste,120.0,3.0,4300
1078,oeste,110.0,3.0,3349
1079,oeste,126.0,3.0,9000
1080,oeste,34.0,1.0,3457
1081,oeste,34.0,1.0,3457
1082,oeste,34.0,1.0,3457
1083,oeste,31.0,1.0,1600
1084,oeste,43.0,2.0,1400
1085,oeste,34.0,1.0,3457
1086,oeste,65.0,2.0,2500
1087,oeste,55.0,2.0,2600
1088,oeste,59.0,1.0,2500
1089,oeste,120.0,2.0,2600
1090,oeste,50.0,2.0,1350
1091,oeste,217.0,4.0,6000
1092,oeste,50.0,1.0,2080
1093,oeste,74.0,1.0,5940
1094,oeste,53.0,2.0,1260
1095,oeste,63.0,2.0,3060
1096,oeste,42.0,1.0,4000
1097,oeste,43.0,2.0,1600
1098,oeste,32.0,1.0,4500
1099,oeste,33.0,2.0,1300
1100,oeste,70.0,2.0,2400
1101,oeste,44.0,1.0,4386
1102,oeste,72.0,2.0,2350
1103,oeste,170.0,3.0,2400
1104,oeste,170.0,3.0,6000
1105,oeste,81.0,3.0,1560
1106,oeste,56.0,2.0,2800
1107,oeste,50.0,2.0,2250
1108,oeste,40.0,2.0,1050
1109,oeste,208.0,4.0,7000
1110,oeste,86.0,2.0,2800
1111,oeste,200.0,3.0,5307
1112,oeste,50.0,2.0,2868
1113,oeste,88.0,2.0,4500
1114,oeste,275.0,4.0,8000
1115,oeste,33.0,1.0,3250
1116,oeste,77.0,2.0,3300
1117,oeste,50.0,1.0,1800
1118,oeste,42.0,1.0,2200
1119,oeste,102.0,2.0,4029
1120,oeste,41.0,1.0,2900
1121,oeste,40.0,2.0,2200
1122,oeste,93.0,2.0,6500
1123,oeste,146.0,3.0,2500
1124,oeste,75.0,3.0,2000
1125,oeste,103.0,3.0,4080
1126,oeste,75.0,3.0,2200
1127,oeste,72.0,3.0,2300
1128,oeste,30.0,1.0,1450
1129,oeste,130.0,1.0,7200
1130,oeste,225.0,1.0,5500
1131,oeste,57.0,1.0,2700
1132,oeste,54.0,1.0,4530
1133,oeste,40.0,1.0,2500
1134,oeste,84.0,3.0,2500
1135,oeste,479.0,4.0,10000
1136,oeste,90.0,2.0,3000
1137,oeste,179.0,3.0,4000
1138,oeste,200.0,4.0,5000
1139,oeste,230.0,3.0,15000
1140,oeste,140.0,3.0,3927
1141,oeste,98.0,3.0,4000
1142,oeste,55.0,2.0,1700
1143,oeste,44.0,2.0,1365
1144,oeste,130.0,4.0,6500
1145,oeste,103.0,2.0,2080
1146,oeste,73.0,3.0,2100
1147,oeste,86.0,2.0,5000
1148,oeste,160.0,3.0,6700
1149,oeste,47.0,1.0,3570
1150,oeste,561.0,4.0,10000
1151,oeste,60.0,2.0,1720
1152,oeste,41.0,1.0,3600
1153,oeste,45.0,2.0,2000
1154,oeste,200.0,3.0,3000
1155,oeste,41.0,1.0,4000
1156,oeste,245.0,3.0,3600
1157,oeste,147.0,3.0,3960
1158,oeste,29.0,1.0,3450
1159,oeste,32.0,1.0,2000
1160,oeste,90.0,2.0,3162
1161,oeste,120.0,3.0,3070
1162,oeste,35.0,1.0,1800
1163,oeste,188.0,3.0,5000
1164,oeste,40.0,1.0,2520
1165,oeste,80.0,2.0,3600
1166,oeste,121.0,4.0,5500
1167,oeste,124.0,3.0,4000
1168,oeste,70.0,1.0,5000
1169,oeste,75.0,2.0,3150
1170,oeste,223.0,4.0,9000
1171,oeste,42.0,1.0,2392
1172,oeste,100.0,3.0,4200
1173,oeste,127.0,3.0,5000
1174,oeste,126.0,2.0,7500
1175,oeste,41.0,1.0,2520
1176,oeste,104.0,3.0,3460
1177,oeste,39.0,1.0,3900
1178,oeste,103.0,3.0,9000
1179,oeste,158.0,4.0,11000
1180,oeste,84.0,3.0,3060
1181,oeste,31.0,1.0,2000
1182,oeste,104.0,2.0,4000
1183,oeste,55.0,2.0,3060
1184,oeste,101.0,3.0,4600
1185,oeste,36.0,1.0,5000
1186,oeste,116.0,2.0,3300
1187,oeste,150.0,3.0,7500
1188,oeste,74.0,2.0,3570
1189,oeste,30.0,1.0,2594
1190,oeste,60.0,2.0,3700
1191,oeste,36.0,2.0,2970
1192,oeste,35.0,2.0,2200
1193,oeste,116.0,3.0,5780
1194,oeste,150.0,2.0,4550
1195,oeste,36.0,1.0,3200
1196,oeste,58.0,2.0,2080
1197,oeste,36.0,1.0,3000
1198,oeste,70.0,2.0,3800
1199,oeste,136.0,3.0,4000
1200,oeste,67.0,2.0,2600
1201,oeste,70.0,2.0,3980
1202,oeste,40.0,1.0,8430
1203,oeste,103.0,2.0,4500
1204,oeste,80.0,2.0,3370
1205,oeste,57.0,2.0,2250
1206,oeste,35.0,1.0,1150
1207,oeste,42.0,1.0,2800
1208,oeste,70.0,1.0,2200
1209,oeste,36.0,1.0,2000
1210,oeste,54.0,1.0,4630
1211,oeste,43.0,2.0,1920
1212,oeste,18.0,1.0,1090
1213,oeste,50.0,3.0,2080
1214,oeste,155.0,3.0,3600
1215,oeste,72.0,2.0,7000
1216,oeste,30.0,1.0,1500
1217,oeste,20.0,1.0,1300
1218,oeste,54.0,2.0,3900
1219,oeste,15.0,1.0,1050
1220,oeste,43.0,2.0,1500
1221,oeste,20.0,1.0,1300
1222,oeste,18.0,1.0,1090
1223,oeste,33.0,1.0,2000
1224,oeste,18.0,1.0,1085
1225,oeste,20.0,1.0,1275
1226,oeste,28.0,1.0,1000
1227,oeste,82.0,2.0,1664
1228,oeste,22.0,1.0,1000
1229,oeste,48.0,2.0,1600
1230,oeste,34.0,1.0,2250
1231,oeste,36.0,1.0,1200
1232,oeste,48.0,2.0,1000
1233,oeste,35.0,1.0,850
1234,oeste,35.0,1.0,950
1235,oeste,75.0,3.0,1400
1236,oeste,58.0,2.0,1150
1237,oeste,32.0,1.0,2300
1238,oeste,35.0,1.0,1000
1239,oeste,42.0,,610000
1240,oeste,35.0,1.0,850
1241,oeste,64.0,3.0,1590
1242,oeste,30.0,1.0,1000
1243,oeste,294.0,,5900
1244,oeste,178.0,4.0,10000
1245,oeste,180.0,2.0,2750
1246,oeste,35.0,,2400
1247,oeste,300.0,,7500
1248,oeste,550.0,,20000
1249,oeste,266.0,4.0,7500
1250,oeste,40.0,,1000
1251,oeste,230.0,,10000
1252,oeste,27.0,1.0,700
1253,oeste,55.0,1.0,1700
1254,oeste,43.0,1.0,2100
1255,oeste,90.0,,2100
1256,oeste,140.0,4.0,3100
1257,oeste,35.0,1.0,1100
1258,oeste,117.0,3.0,1820
1259,oeste,42.0,1.0,950
1260,oeste,40.0,1.0,1290
1261,oeste,1.0,2.0,2660
1262,oeste,41.0,2.0,1300
1263,oeste,38.0,1.0,680
1264,oeste,44.0,1.0,5200
1265,oeste,137.0,3.0,5500
1266,oeste,500.0,,27500
1267,oeste,185.0,3.0,5500
1268,oeste,42.0,1.0,1000
1269,oeste,83.0,2.0,5430
1270,oeste,84.0,,5460
1271,oeste,49.0,2.0,1000
1272,oeste,57.0,3.0,1300
1273,oeste,65.0,2.0,2021
1274,oeste,195.0,3.0,5500
1275,oeste,120.0,,5400
1276,oeste,80.0,2.0,1500
1277,oeste,69.0,2.0,1100
1278,oeste,22.0,1.0,2380
1279,oeste,45.0,1.0,1150
1280,oeste,48.0,2.0,1100
1281,oeste,50.0,2.0,1300
1282,oeste,43.0,2.0,1500
1283,oeste,290.0,4.0,12000
1284,oeste,70.0,3.0,1400
1285,oeste,21.0,1.0,1650
1286,oeste,36.0,1.0,2300
1287,oeste,40.0,1.0,1150
1288,oeste,52.0,2.0,1500
1289,oeste,20.0,1.0,900
1290,oeste,65.0,1.0,1350
1291,oeste,35.0,2.0,1550
1292,oeste,45.0,2.0,1400
1293,oeste,40.0,1.0,1000
1294,oeste,130.0,3.0,5200
1295,oeste,60.0,2.0,5300
1296,oeste,36.0,1.0,1400
1297,oeste,35.0,2.0,2010
1298,oeste,82.0,3.0,2700
1299,oeste,80.0,1.0,3500
1300,oeste,20.0,1.0,1100
1301,oeste,31.0,1.0,1800
1302,oeste,60.0,2.0,1430
1303,oeste,75.0,2.0,3100
1304,oeste,70.0,3.0,2000
1305,oeste,300.0,4.0,2440
1306,oeste,110.0,2.0,2750
1307,oeste,220.0,3.0,6940
1308,oeste,70.0,2.0,1700
1309,oeste,180.0,3.0,4500
1310,oeste,74.0,2.0,2100
1311,oeste,100.0,3.0,3400
1312,oeste,115.0,3.0,2000
1313,oeste,34.0,1.0,2200
1314,oeste,59.0,2.0,4100
1315,oeste,81.0,3.0,2750
1316,oeste,223.0,4.0,3330
1317,oeste,165.0,3.0,5500
1318,oeste,104.0,2.0,3000
1319,oeste,72.0,2.0,2010
1320,oeste,50.0,2.0,1200
1321,oeste,220.0,3.0,2000
1322,oeste,80.0,2.0,1777
1323,oeste,450.0,1.0,6400
1324,oeste,45.0,1.0,2300
1325,oeste,145.0,3.0,6000
1326,oeste,512.0,4.0,9000
1327,oeste,82.0,3.0,3500
1328,oeste,50.0,2.0,1710
1329,oeste,53.0,2.0,1680
1330,oeste,103.0,2.0,2850
1331,oeste,54.0,2.0,1600
1332,oeste,456.0,4.0,10000
1333,oeste,700.0,4.0,12000
1334,oeste,140.0,3.0,1600
1335,oeste,25.0,1.0,1230
1336,oeste,55.0,2.0,1190
1337,oeste,98.0,3.0,2600
1338,oeste,334.0,2.0,2700
1339,oeste,480.0,4.0,13280
1340,oeste,620.0,4.0,15000
1341,oeste,64.0,3.0,2390
1342,oeste,44.0,1.0,3600
1343,oeste,150.0,3.0,4000
